Keyword Text,Competition,Competition Index,Search Volume,Low Top Page Bid,High Top Page Bid
soundhound ai,LOW,1,27100,0.51,4.58
personal assistant ai,LOW,31,22200,1.78,8.00
best ai app for android,MEDIUM,59,1300,1.92,7.57
best artificial intelligence app for android,MEDIUM,59,1300,1.92,7.57
ai assistant for android,MEDIUM,39,1300,1.26,9.22
ai apps for android,MEDIUM,49,1000,1.09,6.07
artificial intelligence app for android,MEDIUM,49,1000,1.09,6.07
replika app,LOW,26,880,0.84,2.99
ai type keyboard,LOW,0,880,,
free ai apps for android,MEDIUM,60,590,0.97,5.90
ai android,LOW,17,390,1.41,6.37
best free ai app for android,MEDIUM,53,390,0.92,5.49
best ai assistant for android,MEDIUM,46,390,1.82,7.80
best free ai apps for android,MEDIUM,53,390,0.92,5.49
ai for android,MEDIUM,39,260,1.34,7.77
google's ai test kitchen,LOW,1,260,,
ai for android phone,HIGH,71,210,1.34,6.01
bing app android,LOW,9,210,1.08,3.06
android phone ai,HIGH,71,210,1.34,6.01
best ai for android,MEDIUM,45,170,1.90,7.99
google duplex app,LOW,0,170,,
best ai android,MEDIUM,45,170,1.90,7.99
best ai on android,MEDIUM,45,170,1.90,7.99
best artificial intelligence for android,MEDIUM,45,170,1.90,7.99
chatgpt on android,LOW,15,110,0.61,4.10
android chatgpt,LOW,29,110,0.78,5.53
best android ai apps,LOW,22,90,1.35,6.76
the best ai app for android,MEDIUM,65,70,1.75,5.86
seeing ai for android,LOW,5,70,,
top ai apps for android,MEDIUM,40,70,1.85,5.58
seeing ai android,LOW,5,70,,
wombo ai download,LOW,4,70,0.42,2.18
ai keyboard android,LOW,17,70,0.48,2.78
bodbot ai personal trainer,LOW,13,70,,
moto ai services app,LOW,0,70,,
best ai android apps,LOW,18,50,1.77,7.59
download replika,LOW,27,50,1.33,3.55
replika app download,LOW,29,50,1.09,1.98
wombo ai app download,LOW,1,50,,
jarvis ai for android,LOW,5,50,1.20,3.70
chess by ai factory limited,LOW,0,50,,
free chat gpt for android,LOW,29,40,0.44,2.54
jarvis ai app,LOW,19,40,1.69,10.92
openai android,LOW,10,40,1.42,19.88
top 10 ai apps for android,LOW,25,40,1.36,3.84
best ai for android phone,MEDIUM,56,40,1.47,6.51
ai launcher,LOW,8,40,0.37,2.44
samsung galaxy ai assistant,LOW,24,40,1.82,6.15
best chat gpt app for android,LOW,18,30,,
databot personal assistant ai,LOW,11,30,,
free ai for android,HIGH,71,30,0.74,5.50
android chat gpt,MEDIUM,34,30,0.62,6.34
chatgpt android download,LOW,18,30,0.19,4.82
ai factory chess,LOW,13,30,0.44,8.00
best ai friend apps for android,MEDIUM,57,30,1.12,4.09
jarvis ai assistant for android,LOW,26,30,1.47,6.41
openai android app,LOW,12,20,0.61,1.96
download chat gpt for android,MEDIUM,48,20,0.57,5.83
wombo app download,LOW,1,20,,
otter app android,MEDIUM,54,20,1.31,4.10
ai download for android,MEDIUM,51,20,1.06,7.18
wombo download,LOW,4,20,,
chat gpt app free download for android,MEDIUM,59,20,0.63,2.64
ai chat android,MEDIUM,41,20,0.93,7.45
ai app download for android,MEDIUM,60,20,0.63,5.23
ai launcher for android,LOW,10,20,,
navmii ai dashcam,LOW,0,20,,
otter ai android,LOW,0,20,,
otter app for android,MEDIUM,61,20,1.61,6.64
voila ai artist app download,HIGH,71,20,,
wombo ai android,LOW,3,20,,
wombo studios,LOW,0,20,,
lensa app for android,LOW,29,10,,
lensa ai app for android,UNSPECIFIED,0,10,,
best chat gpt app android,LOW,0,10,,
best chatgpt android app,LOW,0,10,,
ai software for android,LOW,23,10,2.99,9.93
chat gpt download android,LOW,21,10,,
chat gpt download for android,MEDIUM,50,10,0.55,2.88
lensa ai for android,UNSPECIFIED,0,10,,
lensa app android,UNSPECIFIED,0,10,,
seeing ai app on android,LOW,0,10,,
best ai apps for android 2022,LOW,0,10,,
lensa android,LOW,0,10,,
best android chat gpt app,LOW,18,10,,
leena ai app,LOW,29,10,1.55,22.56
best chat gpt for android,MEDIUM,43,10,1.96,6.87
replika android,LOW,18,10,,
openai app for android,LOW,9,10,,
ai for android phone download,UNSPECIFIED,0,10,,
free android ai apps,HIGH,71,10,1.01,3.02
dawn ai android,UNSPECIFIED,0,10,,
replika free pro,LOW,0,10,,
best chat gpt android app,LOW,0,10,,
chat gpt for android app,LOW,24,10,,
ai test kitchen with google,LOW,0,10,,
chat gpt android app download,LOW,14,10,,
ai app replika,LOW,29,10,,
chat openai android app,UNSPECIFIED,0,10,,
chatgpt in android,LOW,14,10,,
android chat gpt app,LOW,23,10,0.11,3.12
wombo app gratis,UNSPECIFIED,0,10,,
cubo ai app android,UNSPECIFIED,0,10,,
4d grubl,HIGH,71,10,,
adobe ai android,UNSPECIFIED,0,10,,
adobe ai for android,UNSPECIFIED,0,10,,
ai based android apps,UNSPECIFIED,0,10,,
ai drawing app for android,MEDIUM,64,10,,
ai dungeon android,LOW,0,10,,
ai factory gin rummy,UNSPECIFIED,0,10,,
ai factory solitaire,LOW,24,10,,
ai free apps android,UNSPECIFIED,0,10,,
ai gallery for tecno,UNSPECIFIED,0,10,,
ai gallery infinix,LOW,0,10,,
ai in android apps,HIGH,86,10,,
ai painting android,UNSPECIFIED,0,10,,
ai personal assistant android,LOW,0,10,,
ai program for android,HIGH,86,10,,
ai software download for android,UNSPECIFIED,0,10,,
ai type keyboard & emoji 2022,UNSPECIFIED,0,10,,
ai type keyboard download,LOW,0,10,,
ai type keyboard free,LOW,5,10,,
ai viewer android,UNSPECIFIED,0,10,,
ai with android,MEDIUM,43,10,,
ai wizely android,LOW,0,10,,
aicut app,MEDIUM,57,10,,
android app for chat gpt,UNSPECIFIED,0,10,,
android gpt,LOW,0,10,,
android with ai,MEDIUM,43,10,,
app ai android,UNSPECIFIED,0,10,,
appydroid paratek,UNSPECIFIED,0,10,,
assistant databot artificial intelligence,UNSPECIFIED,0,10,,
avatarify android,LOW,0,10,,
avatarify app android,UNSPECIFIED,0,10,,
avatarify app download,UNSPECIFIED,0,10,,
avatarify app for android,UNSPECIFIED,0,10,,
avatarify app free,UNSPECIFIED,0,10,,
avatarify for android,UNSPECIFIED,0,10,,
avatarify free,MEDIUM,33,10,,
best ai apps for android 2021,UNSPECIFIED,0,10,,
best ai launcher for android,MEDIUM,62,10,,
best ai software for android,HIGH,71,10,,
best offline ai assistant for android,UNSPECIFIED,0,10,,
bodygram android,UNSPECIFIED,0,10,,
chai app android,LOW,7,10,,
character ai android app,LOW,0,10,,
chat gpt 3 for android,UNSPECIFIED,0,10,,
chat gpt android download,LOW,10,10,,
chat openai android,UNSPECIFIED,0,10,,
chatteo app,UNSPECIFIED,0,10,,
chess ai factory limited,LOW,6,10,,
chess by ai factory,LOW,7,10,,
chess free ai factory,LOW,0,10,,
chord ai android,LOW,8,10,,
codeway wonder,LOW,0,10,,
cred ai android,LOW,0,10,,
cred ai android app,UNSPECIFIED,0,10,,
dawn ai app android,UNSPECIFIED,0,10,,
dawn ai app for android,LOW,0,10,,
dawn ai app free download,UNSPECIFIED,0,10,,
dawn ai google,UNSPECIFIED,0,10,,
download ai for android,MEDIUM,51,10,1.75,8.95
download avatarify,LOW,8,10,,
download seeing ai app for android,UNSPECIFIED,0,10,,
download wombo,LOW,19,10,,
download wombo app,UNSPECIFIED,0,10,,
dream by wombo android,UNSPECIFIED,0,10,,
dream by wombo uptodown,UNSPECIFIED,0,10,,
enhancefox ai,MEDIUM,52,10,0.21,2.41
enhancefox app,MEDIUM,36,10,,
envision ai android,UNSPECIFIED,0,10,,
envision ai app for android,UNSPECIFIED,0,10,,
facemagic app download,MEDIUM,43,10,,
faceplay ai online,UNSPECIFIED,0,10,,
faketalk download,UNSPECIFIED,0,10,,
fulltrack ai android,UNSPECIFIED,0,10,,
google ai bei ji xing,UNSPECIFIED,0,10,,
gpt 3 android,UNSPECIFIED,0,10,,
gpt 3 android app,UNSPECIFIED,0,10,,
gpt chat android app,MEDIUM,43,10,,
grubl 4d,LOW,0,10,,
iface app for android,UNSPECIFIED,0,10,,
infinix ai gallery,UNSPECIFIED,0,10,,
jarvis artificial intelligence pro,UNSPECIFIED,0,10,,
jarvis assistant launcher,LOW,0,10,,
katago android,LOW,0,10,,
lensa ai android app,LOW,0,10,,
lensa android app,LOW,0,10,,
lensa playstore,UNSPECIFIED,0,10,,
microsoft bing android,LOW,14,10,,
microsoft seeing ai android,LOW,0,10,,
microsoft seeing ai app for android,UNSPECIFIED,0,10,,
microsoft seeing ai for android,LOW,0,10,,
muksos ai launcher,UNSPECIFIED,0,10,,
mycroft ai android,LOW,0,10,,
nerdytips app,LOW,11,10,,
nerdytips app download,UNSPECIFIED,0,10,,
openai chat android,UNSPECIFIED,0,10,,
paratek appydroid,LOW,0,10,,
personal ai assistant for android,HIGH,79,10,,
phototune ai,LOW,25,10,0.10,1.69
picai app,LOW,8,10,,
picai app download,UNSPECIFIED,0,10,,
picma remini,UNSPECIFIED,0,10,,
pixelcut android,LOW,0,10,,
pixelcut for android,MEDIUM,36,10,,
pixelup android,UNSPECIFIED,0,10,,
pusoy dos ai,LOW,0,10,,
replika ai android,LOW,14,10,,
replika android app,LOW,3,10,,
replika apkpure,LOW,0,10,,
replika app android,LOW,3,10,,
replika app for android,LOW,3,10,,
replika for android,LOW,18,10,,
replika modyolo,UNSPECIFIED,0,10,,
replika pro free download android,UNSPECIFIED,0,10,,
replika pro free reddit,UNSPECIFIED,0,10,,
rizz ai android,UNSPECIFIED,0,10,,
rizz ai for android,UNSPECIFIED,0,10,,
seeing ai android download,LOW,0,10,,
seeing ai on android,LOW,0,10,,
snapcial app,LOW,14,10,,
snapcial online,UNSPECIFIED,0,10,,
u92 final battle,LOW,0,10,,
voicera app for android,LOW,0,10,,
voila disney app,LOW,0,10,,
wombo android,UNSPECIFIED,0,10,,
wombo app free download,UNSPECIFIED,0,10,,
wombo dream android,UNSPECIFIED,0,10,,
wombo for android,LOW,14,10,,
wombo free app,LOW,14,10,,
wonder ai android,UNSPECIFIED,0,10,,
yome2x android,UNSPECIFIED,0,10,,
